time_min,T_cabin_C,T_mass_C,T_vent_C,CO2_ppm,u_hvac,u_ptc,u_blower,u_recirc,T_ambient_C,n_passengers,v_vehicle_m_s,solar_W_m2,P_hvac_W,P_hp_W,P_blower_W,soc
0,22.0,24.0,22.0,600.0,0.0,0.0,0.1,0.5,32.0,3.0,8.0,600.0,0.0,0.0,0.0,0.2
1,23.009900157440597,24.075903289707185,22.367173303015306,888.0,0.5503223067916634,0.0,0.9999999748966518,0.38356688826485097,32.0,3.0,8.0,600.0,0.30000000000000004,0.0,0.30000000000000004,0.19833333333333333
2,22.908039087593636,24.18639946069561,12.827662294256527,803.345747933377,0.5356519631129669,0.0,1.0000000099871085,0.41190104348422574,32.0,3.0,8.0,600.0,728.3404951271416,428.3405177201543,299.9999774069872,0.19666666666666668
3,22.410730203517176,24.265151003355356,8.628777324046553,802.7521021408729,0.5274916793401057,0.0,1.0000000099200623,0.41196251350671925,32.0,3.0,8.0,600.0,715.3113731826053,415.3113731826053,300.0,0.195
4,21.80913900913896,24.28569988551766,6.682147517174428,802.6553233502884,0.577425815441691,0.0,0.7485374698281684,0.22281049563520078,32.0,3.0,8.0,600.0,708.1074716581311,408.10747165813103,300.0,0.19333333333333336
5,21.677768985378975,24.31689598790956,5.699802399901387,805.8395558342293,0.5986613228835047,0.0,0.6496655983874423,0.10724096867693214,32.0,3.0,8.0,600.0,578.5031686254773,452.6796316421804,125.82353698329692,0.19166666666666668
6,21.72565248052223,24.364630782636766,5.280345477645199,807.4596255552764,0.5909477980369346,0.0,0.659167478190707,0.11579904721832804,32.0,3.0,8.0,600.0,554.256478260366,471.9960690674628,82.26040919290315,0.19
7,21.745826670127713,24.414872374801405,5.113516127008893,806.3588031555664,0.5912662119192054,0.0,0.6509196857955308,0.10556993553572382,32.0,3.0,8.0,600.0,550.8770995674477,464.9542698936849,85.92282967376275,0.18833333333333335
8,21.75646323910439,24.444998013671295,5.045733301259588,806.4402422712353,0.5957538687241164,0.0,0.6335268931400861,0.08270189069369893,32.0,3.0,8.0,600.0,547.9820860852124,465.2443805222466,82.7377055629658,0.18666666666666668
9,21.759630825410113,24.440623670815057,5.018269940285222,807.009328228297,0.5914919877137814,0.0,0.6463087712683979,0.09925421000019927,32.0,3.0,8.0,600.0,545.6194025546337,469.33839499583195,76.28100755880173,0.185
10,21.760418884805006,24.455964977065946,5.007354460243107,806.6075766781651,0.5862658283035056,0.0,0.6629057562335963,0.12101976388141289,32.0,3.0,8.0,600.0,546.4419833285128,465.4501174176035,80.99186591090928,0.18333333333333335
11,21.763131189741557,24.497662713430657,5.002981929053476,806.2490275271995,0.5844669828639556,0.0,0.6686833885120171,0.12852974347321625,32.0,3.0,8.0,600.0,548.0871603136085,460.6941648883762,87.39299542523227,0.18166666666666667
12,21.767805453070423,24.545519670289764,5.001210335450253,806.1398757998866,0.5865020972423859,0.0,0.6618108514626406,0.11975425922808251,32.0,3.0,8.0,600.0,548.7582527448598,459.06023235692646,89.69802038793334,0.18
13,21.77263737547088,24.577451692689465,5.00048841222474,806.2089794985519,0.5914566841666135,0.0,0.645268336792016,0.09848265742721615,32.0,3.0,8.0,600.0,547.8695657689028,460.90888994534146,86.96067582356137,0.17833333333333334
14,21.774308974633357,24.577145459382223,5.000194521590686,806.6546890669498,0.5906652275345888,0.0,0.6480339144435256,0.10188269020550135,32.0,3.0,8.0,600.0,546.0192962625653,465.41794562557016,80.60135063699506,0.17666666666666667
15,21.773673653997037,24.579373460871807,5.0000766706160675,806.6052496121132,0.5852086361105056,0.0,0.6663721173481834,0.12531877521914822,32.0,3.0,8.0,600.0,546.3390129308134,464.69685793056647,81.64215500024699,0.17500000000000002
16,21.774856072922887,24.611783536609778,5.000029506034025,806.1546294766912,0.5827241520606233,0.0,0.6747106202678336,0.13600893222833435,32.0,3.0,8.0,600.0,548.5048241923784,459.7337029829687,88.77112120940971,0.17333333333333334
17,21.77857187097851,24.655726443570472,5.0000103800716715,806.0126231763476,0.5839397326102395,0.0,0.6705527195817378,0.13083093199583315,32.0,3.0,8.0,600.0,549.6241236587729,457.47867407003184,92.14544958874102,0.1716666666666667
18,21.783054626637067,24.688862435526232,5.000002571041932,806.0428918908041,0.5883846006773653,0.0,0.6554951404024164,0.11176860733558733,32.0,3.0,8.0,600.0,549.0340044891464,458.5816159844134,90.4523885047329,0.17
19,21.785468136151508,24.69288776610631,5.0,806.3545205287861,0.5905141304027934,0.0,0.6483737233641743,0.10263266806392171,32.0,3.0,8.0,600.0,547.1154495598495,462.62070764921157,84.49474191063788,0.16833333333333333
20,21.784368298675474,24.682295755625717,5.0,806.6312962837541,0.5847335421689024,0.0,0.6681763417146099,0.12748965101668744,32.0,3.0,8.0,600.0,546.3298838258577,464.5592296131892,81.7706542126685,0.16666666666666669
21,21.784387325422756,24.705131699546314,5.0,806.0946585211495,0.5815521727403806,0.0,0.678943925435223,0.1411761337078988,32.0,3.0,8.0,600.0,548.796382722773,459.302255311238,89.49412741153503,0.165
22,21.787250313422078,24.744644373453013,5.0,805.9224077197454,0.5819330679917282,0.0,0.6776086030394257,0.1395766402495701,32.0,3.0,8.0,600.0,550.3067561197026,456.41596990431646,93.89078621538613,0.16333333333333333
23,21.791383763537624,24.77867711998715,5.0,805.9164798670802,0.5858109177997988,0.0,0.6643591535398103,0.12293921884225682,32.0,3.0,8.0,600.0,550.0991697448444,456.76127771371165,93.33789203113278,0.16166666666666668
24,21.794538494774258,24.78729879282048,5.0,806.0936659161155,0.5907398518382153,0.0,0.6475070369925877,0.10175186644613637,32.0,3.0,8.0,600.0,548.249885792674,460.28081107041623,87.96907472225776,0.16
25,21.79305484669942,24.76443220581217,5.0,806.6795788377979,0.5847168079655222,0.0,0.6684026160248593,0.12767020172627297,32.0,3.0,8.0,600.0,546.2080161795005,464.7648343153318,81.44318186416871,0.15833333333333333
26,21.7919476149342,24.777559402891484,5.0,806.0658418254515,0.5808912233033482,0.0,0.6813980918701166,0.14412620061949105,32.0,3.0,8.0,600.0,548.8721387651497,459.2870604514836,89.58507831366597,0.15666666666666668
27,21.793935702589692,24.812162046573633,5.0,805.8657924600897,0.5804556104774017,0.0,0.6829151856256727,0.14603003440886264,32.0,3.0,8.0,600.0,550.7295670133581,455.81694002839487,94.91262698496325,0.155
28,21.7976863786389,24.84671039782603,5.0,805.8221819888054,0.5835992900971009,0.0,0.6720207313827081,0.1325419865664534,32.0,3.0,8.0,600.0,550.9702440148739,455.4222519686249,95.54799204624894,0.15333333333333335
29,21.801126840550694,24.86004583573407,5.0,805.9355796911559,0.5889956289033189,0.0,0.6533023669016672,0.10933355626503803,32.0,3.0,8.0,600.0,549.3204080306701,458.2726476060743,91.04776042459578,0.15166666666666667
30,21.800312145738417,24.838753112488916,5.0,806.5141518929152,0.5849684967849935,0.0,0.6674618568294579,0.12667658656492872,32.0,3.0,8.0,600.0,546.8263198521332,463.176704241575,83.64961561055824,0.15000000000000002
31,21.79872455190599,24.841676806189753,5.0,806.1101649169012,0.5805645477973911,0.0,0.6827051542349319,0.14562927935372294,32.0,3.0,8.0,600.0,548.7229557804325,459.51561127914397,89.20734450128855,0.14833333333333334
32,21.799822788657366,24.8704790619322,5.0,805.8280194820283,0.5793252811828217,0.0,0.6870511228567203,0.15098434927048812,32.0,3.0,8.0,600.0,550.9808077553442,455.52094630017933,95.45986145516488,0.14666666666666667
33,21.803102790790035,24.904662651914805,5.0,805.7478820289542,0.5816640963730857,0.0,0.6788153759810184,0.1409528703051227,32.0,3.0,8.0,600.0,551.6930696504933,454.39854157129025,97.29452807920296,0.14500000000000002
34,21.806589891544604,24.92226310753267,5.0,805.8240688753147,0.5866592363150168,0.0,0.661280349526889,0.11946520134533913,32.0,3.0,8.0,600.0,550.354894330345,456.51742912036275,93.83746520998224,0.14333333333333334
35,21.806789923498684,24.907476697694563,5.0,806.2803655426318,0.585420387254907,0.0,0.6657554023046893,0.1248087850509299,32.0,3.0,8.0,600.0,547.8034380867523,461.0517154873925,86.75172259935982,0.14166666666666666
36,21.80496140796913,24.899789923753588,5.0,806.1851861350943,0.5805155975752457,0.0,0.6830329569913925,0.14592937730103822,32.0,3.0,8.0,600.0,548.4509172212137,459.9260360624882,88.52488115872548,0.14
37,21.80513141757973,24.92188911214504,5.0,805.8060318893564,0.578503475686009,0.0,0.6901111749899751,0.1546055685129914,32.0,3.0,8.0,600.0,551.0740314185442,455.4765979843069,95.59743343423726,0.13833333333333334
38,21.807843689109177,24.954709946286982,5.0,805.6920750521201,0.5800237438395821,0.0,0.6846835260479068,0.14809146876756954,32.0,3.0,8.0,600.0,552.2549853069768,453.6546402596256,98.60034504735114,0.13666666666666666
39,21.81127476366379,24.97592063268536,5.0,805.7327981863908,0.5845496042167064,0.0,0.6686690789257806,0.12861971563740046,32.0,3.0,8.0,600.0,551.3232000844217,455.03104858905704,96.29215149536465,0.135
40,21.812449935980624,24.967644758377048,5.0,806.0621035638202,0.20658966549952973,0.0,0.4273089499269677,0.5,32.0,3.0,8.0,600.0,548.8275068618817,459.13524486773935,89.69226199414236,0.13333333333333336
41,22.339884510434672,24.949219885464515,8.556118045833273,996.0835755101854,0.27489378422184907,0.0,0.582250589156874,0.5,32.0,3.0,8.0,600.0,170.81158057839164,147.4045015099771,23.407079068414525,0.13166666666666665
42,22.73080615862665,24.98508216478035,10.829522104336036,1072.466908013916,0.2983681855340335,0.0,0.6186222862638796,0.5,32.0,3.0,8.0,600.0,258.65911471579517,199.44147891367678,59.21763580211841,0.13
43,23.10228652174243,25.051622799335803,12.07476006987821,1103.379861115854,0.30826638714976073,0.0,0.6313259563452897,0.5,32.0,3.0,8.0,600.0,288.7548801952761,217.73205568684642,71.02282450842966,0.12833333333333335
44,23.434625693704334,25.125104675668922,12.788694462117405,1115.756231538469,0.3188701580350753,0.0,0.6479491805864174,0.5,32.0,3.0,8.0,600.0,300.9971364130568,225.50839397073258,75.48874244232422,0.12666666666666668
45,23.68946413409543,25.18378836197371,13.132693622131058,1115.2131114629726,0.3361467220747717,0.0,0.6807919107645115,0.06321240934238474,32.0,3.0,8.0,600.0,315.49172829190405,233.88159453330053,81.61013375860351,0.125
46,23.9336642373558,25.22297467806459,14.56547174719526,824.0433567651633,0.3112862219769967,0.0,0.6181149910166617,0.17942875808978362,32.0,3.0,8.0,600.0,342.278624611881,247.61907908006708,94.65954553181395,0.12333333333333334
47,24.27662028037747,25.305065919814695,15.407074161565959,850.7983237737642,0.3494022883639622,0.0,0.6963385333178413,0.23581686640402372,32.0,3.0,8.0,600.0,298.7367340609868,227.88849105979207,70.84824300119475,0.12166666666666667
48,24.500531126699457,25.418615134821664,15.155257849032637,845.1439477654659,0.36889061697109193,0.0,0.7359995623205057,0.2784389597113792,32.0,3.0,8.0,600.0,359.5337640492888,258.24003958907235,101.29372446021644,0.12
49,24.61173974402425,25.53657713141905,14.536829487098373,844.103140669898,0.3736363359221818,0.0,0.7462821941378441,0.28770470000839504,32.0,3.0,8.0,600.0,393.5902050611903,273.98394164137164,119.60626341981866,0.11833333333333335
50,24.64736338472403,25.633242832466806,14.077884056526216,843.5139330014154,0.3739405699860021,0.0,0.7467775199461852,0.28801626838029815,32.0,3.0,8.0,600.0,402.5309723491127,277.8412970788832,124.68967527022947,0.11666666666666667
51,24.629782395605616,25.69276125675208,13.812483765072102,843.2744900848337,0.37501147514184696,0.0,0.7486807528981271,0.290346933582718,32.0,3.0,8.0,600.0,403.02701505770494,278.08889616903804,124.9381188886669,0.115
52,24.634328556214257,25.77654986583741,13.628762935911368,843.4248140712605,0.37587465212694904,0.0,0.750416627678689,0.2917769557606775,32.0,3.0,8.0,600.0,404.85655400966186,278.96074876507726,125.89580524458458,0.11333333333333334
53,24.66090524481092,25.88231877579335,13.5027448917578,843.3790192705842,0.3749655113028518,0.0,0.7488441998505089,0.2899155903512843,32.0,3.0,8.0,600.0,406.43736267782117,279.66382772821925,126.7735349496019,0.11166666666666668
54,24.69608850383821,25.990173010633782,13.457199650390635,843.2074767063388,0.3735151527447104,0.0,0.7461777368439885,0.28697946717652467,32.0,3.0,8.0,600.0,404.90159610834564,278.92331868228626,125.97827742605936,0.11
55,24.721516250518107,26.078641406280667,13.47150093513551,842.9897086909656,0.37432610199942135,0.0,0.7476388555283356,0.2880204390868995,32.0,3.0,8.0,600.0,402.38000753268625,277.7426834634947,124.63732406919158,0.10833333333333334
56,24.714767029338304,26.13213375076799,13.463299535966428,842.7777914037313,0.3774624245436704,0.0,0.7536605647604249,0.29394157850932623,32.0,3.0,8.0,600.0,403.77364356911806,278.4027137797437,125.37092978937436,0.10666666666666667
57,24.712711370497345,26.19375431699143,13.379389849416782,842.8150381830734,0.3800935214210787,0.0,0.7589247786468457,0.2988482549812173,32.0,3.0,8.0,600.0,409.3826292847499,280.9579088389096,128.42472044584028,0.10500000000000001
58,24.73254534166881,26.281601073228387,13.266309909891845,842.829779564643,0.3800768926134521,0.0,0.7591324123850164,0.29872922919433786,32.0,3.0,8.0,600.0,414.23926584288427,283.1046185109718,131.13464733191242,0.10333333333333333
59,24.7628775624529,26.377129890096967,13.206312401221396,842.7010459078912,0.37841156552292904,0.0,0.7560776941296963,0.29555182747336417,32.0,3.0,8.0,600.0,414.3333500191909,283.09104210841963,131.24230791077127,0.10166666666666668
60,24.78855668863457,26.458448830479085,13.217801901515884,842.5170520156781,0.37820254987069035,0.0,0.7556163785709878,0.29479851675039953,32.0,3.0,8.0,600.0,411.3963162055579,281.7319828053667,129.66433340019123,0.1
61,24.7880812017151,26.507988497781014,13.23299573028254,842.3261279649406,0.3807528396471386,0.0,0.76041993996035,0.2993174044297142,32.0,3.0,8.0,600.0,410.98862454497225,281.561487741917,129.42713680305528,0.09833333333333334
62,24.776406538973106,26.549038250476315,13.178186565707506,842.298316622881,0.3836468362666214,0.0,0.7661374789969436,0.30477477172197237,32.0,3.0,8.0,600.0,415.5542257350148,283.6430035007035,131.91122223431128,0.09666666666666666
63,24.7896122117956,26.619799609202175,13.073273883624438,842.388750524829,0.38414417853119576,0.0,0.7673282340873243,0.3055791342985686,32.0,3.0,8.0,600.0,420.91744630016086,286.0083045056966,134.9091417944643,0.095
64,24.816291871481553,26.703602663271568,13.004712170381595,842.2963344343513,0.38237891500929827,0.0,0.7641010990838036,0.30233364489396014,32.0,3.0,8.0,600.0,421.9542979948476,286.4151378602641,135.53916013458345,0.09333333333333334
65,24.843275663455927,26.778627970802404,13.01389003331758,842.1350657075341,0.38128889387567305,0.0,0.7619987613445403,0.30010168057486314,32.0,3.0,8.0,600.0,418.8078297485327,284.9715895025082,133.8362402460245,0.09166666666666667
66,24.850207960957903,26.825670199003923,13.049566879500617,841.9567046298199,0.38327360250389686,0.0,0.7656316705887193,0.30331197549563177,32.0,3.0,8.0,600.0,416.81543728360055,284.08086617862307,132.7345711049775,0.09
67,24.830008872853455,26.847721412291605,13.021780082274631,841.8574865528833,0.38641236709361304,0.0,0.7717714385800674,0.3092884343812654,32.0,3.0,8.0,600.0,420.3451758076659,285.70306103697465,134.64211477069128,0.08833333333333333
68,24.836978282453913,26.90231365062556,12.924272586100301,842.017238958795,0.38748593965950034,0.0,0.7740669696091176,0.3110989455509013,32.0,3.0,8.0,600.0,426.17918346117494,288.27184982254823,137.90733363862674,0.08666666666666667
69,24.859760103485712,26.97497914061637,12.844988767454709,841.9598582436331,0.38580943481794505,0.0,0.7710271834722033,0.3081039822913828,32.0,3.0,8.0,600.0,428.29296594683336,289.1514077255455,139.14155822128788,0.08500000000000002
70,24.88718031665445,27.04439562861711,12.845910286148069,841.8222653118976,0.38401821530441,0.0,0.7676229728103677,0.304742430032774,32.0,3.0,8.0,600.0,425.28683537222884,287.7780884861115,137.5087468861173,0.08333333333333333
71,24.900549728454507,27.090084728195222,12.894314526566632,841.655969478367,0.3853166494878051,0.0,0.7698895639307927,0.30654836491638654,32.0,3.0,8.0,600.0,422.0074945026446,286.31208838157517,135.69540612106942,0.08166666666666667
72,24.87663132601972,27.099341459770926,12.891755646126228,841.5037224789407,0.38849957585219785,0.0,0.7760617589685901,0.31259535431714436,32.0,3.0,8.0,600.0,424.2756208172672,287.37464215664613,136.9009786606211,0.08000000000000002
73,24.877114791819167,27.138551279971068,12.806469097045067,841.6918010622165,0.39020069148847486,0.0,0.7795579045935052,0.3155212014730875,32.0,3.0,8.0,600.0,430.2023465280305,289.9823002723406,140.22004625568988,0.07833333333333335
74,24.89540194129785,27.200424589723582,12.71745778156236,841.6772811876705,0.3890455210914969,0.0,0.7775303506604655,0.3134893960680781,32.0,3.0,8.0,600.0,433.5013533143488,291.3776898963106,142.12366341803823,0.07666666666666666
75,24.921079650920603,27.264565045282893,12.699831739695753,841.5651575141351,0.38706266343619233,0.0,0.7737818351309959,0.3098818172729413,32.0,3.0,8.0,600.0,431.4475924972059,290.42999659256526,141.01759590464064,0.07500000000000001
76,24.937198435513665,27.30957461646466,12.742660718856712,841.4102516797253,0.38748984763391936,0.0,0.7744209761906403,0.3102084101744434,32.0,3.0,8.0,600.0,427.79242104411514,288.8045682952765,138.98785274883866,0.07333333333333333
77,24.92079951243062,27.32037873744764,12.75858904941532,841.2599141947048,0.39025178892249723,0.0,0.7796966975907207,0.31523516968099224,32.0,3.0,8.0,600.0,428.48715806374986,289.15461033010655,139.3325477336433,0.07166666666666666
78,24.912831199272716,27.344658410622912,12.695624654439769,841.3740373420219,0.3923445339620759,0.0,0.7839028662176001,0.3189582886660743,32.0,3.0,8.0,600.0,433.61921098283415,291.41962267979886,142.1995883030353,0.07
79,24.925962094106524,27.395610472768112,12.607534745403939,841.4284521783054,0.39174406108773474,0.0,0.7829464974137498,0.3178989114343076,32.0,3.0,8.0,600.0,437.6513191768324,293.1379547957306,144.51336438110178,0.06833333333333333
80,24.94952841321907,27.45424425585753,12.576254309516457,841.344052975067,0.3896639721807962,0.0,0.7790388849832927,0.3142092495314479,32.0,3.0,8.0,600.0,436.6298122877807,292.64472583299545,143.98508645478523,0.06666666666666668
81,24.968249432733842,27.49869024023309,12.613928639293874,841.2023350260233,0.38925046008773834,0.0,0.7781177373787868,0.3131530192336016,32.0,3.0,8.0,600.0,432.7772803313411,290.9373002692992,141.8399800620419,0.065
82,24.95989997260847,27.51180866138168,12.647910337965413,841.054776167847,0.3915548347276853,0.0,0.7824272476712415,0.31711619652303397,32.0,3.0,8.0,600.0,431.9355199350638,290.59808653191504,141.3374334031487,0.06333333333333332
83,24.943868374112128,27.52162412917113,12.608007178920445,841.0914828222969,0.39401008236573143,0.0,0.7872850647857875,0.32157962051896416,32.0,3.0,8.0,600.0,436.18813014848706,292.4893262686176,143.69880387986944,0.061666666666666675
84,24.951781508694012,27.56155812163405,12.521949467080674,841.2124564798767,0.3939883804929373,0.0,0.7874439952119623,0.32151149010083735,32.0,3.0,8.0,600.0,440.8988074535457,294.50682472659213,146.39198272695356,0.060000000000000026
85,24.97289321515956,27.61440579350358,12.476897511138361,841.1565945822554,0.3918628145807738,0.0,0.7834766396204541,0.31782486592356074,32.0,3.0,8.0,600.0,440.9696388298098,294.4889810917408,146.48065773806903,0.05833333333333332
86,24.993945504086753,27.658262094853967,12.508039105008436,841.0301393501347,0.39062462228651873,0.0,0.7810299123735701,0.3154437562507696,32.0,3.0,8.0,600.0,437.02002462545937,292.7422581380351,144.2777664874243,0.05666666666666667
87,24.993972721677494,27.67426535115476,12.558932458628647,840.8867893975294,0.3924324475122337,0.0,0.7842997479509365,0.31829480232414287,32.0,3.0,8.0,600.0,434.6559026733044,291.72561890121085,142.93028377209356,0.05500000000000002
88,24.970402497503414,27.67022633717818,12.542444159687932,840.8443332957078,0.39521236281091887,0.0,0.7897345505776476,0.3234285378044887,32.0,3.0,8.0,600.0,437.9431519735874,293.21017967929276,144.73297229429468,0.053333333333333344
89,24.9731223561501,27.699125065375824,12.45960169068195,841.0281755113825,0.3957881441408685,0.0,0.791042044426829,0.3243667208149574,32.0,3.0,8.0,600.0,443.2583164257686,295.4956666179466,147.762649807822,0.051666666666666666
90,24.99144737088824,27.745886995309775,12.400860220767242,841.0010666537258,0.3936776148943229,0.0,0.7871292324095045,0.3207785138108474,32.0,3.0,8.0,600.0,444.46722274982244,295.9694444322299,148.49777831759255,0.04999999999999999
91,25.014431053132398,27.789007239504315,12.423966189012276,840.8918107566404,0.3916389082901791,0.0,0.7832046779879979,0.3171333433146711,32.0,3.0,8.0,600.0,440.5385571189066,294.2334860955116,146.30507102339504,0.04833333333333334
92,25.02292431838731,27.808278038735523,12.490340516181504,840.7542196906767,0.39287017045226624,0.0,0.785291303086764,0.31876517062269577,32.0,3.0,8.0,600.0,436.6859415572362,292.558368691926,144.12757286531024,0.04666666666666666
93,24.993069150729013,27.791583906830283,12.498406187066223,840.6342813919464,0.39589535823984123,0.0,0.7911593192349785,0.3244319725200455,32.0,3.0,8.0,600.0,438.8524413524657,293.56983647305736,145.28260487940832,0.044999999999999984
94,24.990962650795268,27.809533987691054,12.42158672510584,840.8723786574516,0.3972228285386262,0.0,0.7939226605560665,0.32663294858429404,32.0,3.0,8.0,600.0,444.62151422651647,296.05768013898256,148.5638340875339,0.043333333333333335
95,25.00583968164358,27.849929513720667,12.346740445959995,840.873783412534,0.3956694288060543,0.0,0.7910983307173922,0.32402704830977946,32.0,3.0,8.0,600.0,447.27654552962935,297.1505678681752,150.12597766145416,0.041666666666666685
96,25.027842492538184,27.892067935345665,12.346929124070016,840.784561670397,0.3934615561341092,0.0,0.7868777667596611,0.32016193735434045,32.0,3.0,8.0,600.0,444.4012284537092,295.87174897468293,148.5294794790263,0.03999999999999998
97,25.039717090753072,27.914715077589562,12.404890345970216,840.6532649155263,0.39385572711490174,0.0,0.7874065014605967,0.3204228548932629,32.0,3.0,8.0,600.0,440.22077254235523,294.0558777920695,146.16489475028575,0.03833333333333333
98,25.0179685468583,27.903323479496123,12.429224556956854,840.5292402694597,0.3965066666836679,0.0,0.7924672538115689,0.3252018392306121,32.0,3.0,8.0,600.0,440.8396505125735,294.3799155876618,146.45973492491171,0.03666666666666668
99,25.00819706082666,27.910090598092893,12.37240613877475,840.6888387232812,0.3982818495209539,0.0,0.7960531758852056,0.328285620712987,32.0,3.0,8.0,600.0,445.862734675311,296.56087027647146,149.30186439883957,0.035
100,25.018711960005362,27.943315929745665,12.295666031493226,840.7543195772257,0.3973199054431398,0.0,0.794376746133974,0.32667769806291747,32.0,3.0,8.0,600.0,449.3608004058049,298.0229737975012,151.33782660830371,0.033333333333333326
101,25.039290854477827,27.983609009854888,12.279701529135536,840.6882830242819,0.3950439917633436,0.0,0.7900588342735639,0.3227638525189601,32.0,3.0,8.0,600.0,447.6142383895484,297.2305188517155,150.3837195378329,0.031666666666666676
102,25.054341057162844,28.009159792634136,12.330497412496811,840.565671364501,0.3946300803750994,0.0,0.7890943888564165,0.32173007820241895,32.0,3.0,8.0,600.0,443.30189889059693,295.35714980631127,147.94474908428563,0.03
103,25.041138055295335,28.00328136595226,12.371134944446851,840.4393598809223,0.39686465403947724,0.0,0.7932681091680719,0.32555593243429426,32.0,3.0,8.0,600.0,442.4202904534143,295.0166802859424,147.40361016747184,0.02833333333333335
104,25.0238968556057,27.99871355249968,12.335469014343005,840.5175577409968,0.39905138318135597,0.0,0.7976038574555546,0.3294590687751105,32.0,3.0,8.0,600.0,446.6105837755414,296.8556152031913,149.75496857235007,0.026666666666666672
105,25.029840237057385,28.02408780755377,12.258385270250642,840.6459079398024,0.3987001777702478,0.0,0.7971092267420411,0.32886830413126805,32.0,3.0,8.0,600.0,450.88115060466237,298.6571989581508,152.22395164651158,0.024999999999999994
106,25.048555846433374,28.061713880760124,12.226522166114307,840.6046405922272,0.3964010789135937,0.0,0.7927792801177773,0.32497932349956726,32.0,3.0,8.0,600.0,450.30863994402955,298.3677158572778,151.94092408675175,0.023333333333333345
107,25.06644783868194,28.08964121455506,12.269134296627499,840.4934681480381,0.39518720320716055,0.0,0.7903407629906174,0.3226833370672504,32.0,3.0,8.0,600.0,445.9522383281312,296.47394599133827,149.47829233679292,0.021666666666666667
108,25.06205413328371,28.08937724982337,12.325302442977488,840.3671140908802,0.3969609389126704,0.0,0.7935434425147718,0.3254879088091104,32.0,3.0,8.0,600.0,443.5781531024166,295.47496736544133,148.10318573697526,0.01999999999999999
109,25.037706252651162,28.07355019742664,12.311493502008886,840.3625124843688,0.39951619102935354,0.0,0.7985433961683007,0.330135365331444,32.0,3.0,8.0,600.0,446.8458563151459,296.9348994363683,149.9109568787776,0.01833333333333334
110,25.03897419279889,28.09055112555035,12.235598883430612,840.55101186531,0.3997868650862629,0.0,0.799248254629181,0.33057063986485413,32.0,3.0,8.0,600.0,451.80292188654664,299.0403990005458,152.76252288600085,0.016666666666666663
111,25.055425978921278,28.124743898006045,12.188308357620372,840.5353884615474,0.39750790418123244,0.0,0.7949872678701115,0.3267744724293974,32.0,3.0,8.0,600.0,452.4309930947985,299.26359166864455,153.16740142615396,0.014999999999999986
112,25.07577350570159,28.154475099809304,12.221862217184366,840.4381263888321,0.3955001167195729,0.0,0.7910881991564751,0.32323920321871147,32.0,3.0,8.0,600.0,448.11608310968813,297.38536281565456,150.73072029403355,0.013333333333333336
113,25.08034695529676,28.159816585873955,12.292905262400723,840.3139869277113,0.3967419117279974,0.0,0.7931896377867005,0.3249157145955172,32.0,3.0,8.0,600.0,444.2561985983018,295.7324256773807,148.52377292092112,0.011666666666666659
114,25.04961586129798,28.1330361472003,12.302345353476369,840.2266913828246,0.39960012379951715,0.0,0.7987349602907557,0.3302040202113381,32.0,3.0,8.0,600.0,446.4650815883505,296.75455064059935,149.7105309477511,0.010000000000000009
115,25.046479986330723,28.141322431626577,12.23018074508434,840.4708874683715,0.4006205633396418,0.0,0.8008934542832135,0.3318746924632354,32.0,3.0,8.0,600.0,451.982093831985,299.1096050775168,152.87248875446824,0.008333333333333331
116,25.060018104711958,28.17140841356712,12.165587316129688,840.4805028726482,0.3988013601406327,0.0,0.7975388675675682,0.3288790620356508,32.0,3.0,8.0,600.0,454.06644103429824,299.951236405604,154.11520462869422,0.006666666666666654
117,25.08034039876003,28.202346034353695,12.178041996832292,840.4003687671146,0.3965063137813535,0.0,0.7931270509350824,0.32492680755054343,32.0,3.0,8.0,600.0,450.63785512540204,298.45111071428215,152.1867444111199,0.0050000000000000044
118,25.089718014999164,28.213100837213744,12.24470943113215,840.2800150445415,0.39698676783331216,0.0,0.7937913667616858,0.3253213655593024,32.0,3.0,8.0,600.0,446.2356746339507,296.56057974470474,149.67509488924597,0.003333333333333355
119,25.064305304624668,28.18967269891027,12.271225347812788,840.1697819132708,0.39962661831501567,0.0,0.7988403914827663,0.33008505007421535,32.0,3.0,8.0,600.0,447.0076778946868,296.9561685062321,150.05150938845472,0.0016666666666666496
